id,rating,date,content,coordinates,place
0,2,2022-04-12 21:21:06+00:00,HEAR US!!! HELP US!! https://t.co/E6NDZKtQ4c,"{'longitude': 124.7434968, 'latitude': 10.5470262}","{'fullName': 'City Of Baybay, Eastern Visayas', 'name': 'City Of Baybay', 'type': 'city', 'country': 'Republic of the Philippines', 'countryCode': 'PH'}"
1,0,2022-04-12 20:56:00+00:00,"Grabe Yung ulan kala ko Hindi na titigil
#prayforeasternvisayas","{'longitude': 124.3892082, 'latitude': 11.5046982}","{'fullName': 'Naval, Eastern Visayas', 'name': 'Naval', 'type': 'city', 'country': 'Republic of the Philippines', 'countryCode': 'PH'}"
2,1,2022-04-12 20:53:09+00:00,"We know too well that Biliranons,Leyte√±os and Samarnons are resilient but they need help too. üôè Pray for Eastern Visayas!","{'longitude': 124.3892082, 'latitude': 11.5046982}","{'fullName': 'Naval, Eastern Visayas', 'name': 'Naval', 'type': 'city', 'country': 'Republic of the Philippines', 'countryCode': 'PH'}"
3,1,2022-04-12 20:44:43+00:00,"The flood waters entered our residence past 12mn earlier. I was trying not to panic but it really gave me quite a scare since i was alone. üòµ‚Äçüí´ thankfully, the it stopped raining around 2am so the water didn‚Äôt rise any higher than this. Baha is real talaga! https://t.co/2vHvkPsKS2","{'longitude': 124.8055272, 'latitude': 11.32366}","{'fullName': 'Babatngon, Eastern Visayas', 'name': 'Babatngon', 'type': 'city', 'country': 'Republic of the Philippines', 'countryCode': 'PH'}"
4,2,2022-04-12 20:40:02+00:00,"HELP US !!!! 

#BaybayNeedsHelp #BaybayCityNeedsHelp 
#LeyteCallForHelp 
#LeyteNeedsHelp https://t.co/67O6Hcnn6p","{'longitude': 124.7434968, 'latitude': 10.5470262}","{'fullName': 'City Of Baybay, Eastern Visayas', 'name': 'City Of Baybay', 'type': 'city', 'country': 'Republic of the Philippines', 'countryCode': 'PH'}"
5,2,2022-04-12 19:20:57+00:00,"Several villages in the remote areas were washed out by landslide. Retrieval and rescue operations are still on-going and hundreds of missing and casualties are already reported.
#BaybayNeedsHelp
#BaybayCityNeedsHelp
#LeyteCallForHelp
#LeyteNeedsHelp

https://t.co/14Mc9EdwYC https://t.co/sCo4VqoaeT","{'longitude': 124.7434968, 'latitude': 10.5470262}","{'fullName': 'City Of Baybay, Eastern Visayas', 'name': 'City Of Baybay', 'type': 'city', 'country': 'Republic of the Philippines', 'countryCode': 'PH'}"
6,0,2022-04-12 18:18:34+00:00,"@nove_luna Balik muna sa training. Talagang may kulang pa eh, sayang yong talent ng boys and girls. nahighlight don sa PPOP con ang kakulangan, sana nakita yon management nila para mas makaka tulong sa PPOP Rise to the world.","{'longitude': 123.9114563, 'latitude': 10.3107867}","{'fullName': 'Mandaue City, Central Visayas', 'name': 'Mandaue City', 'type': 'city', 'country': 'Republic of the Philippines', 'countryCode': 'PH'}"
7,0,2022-04-12 17:38:47+00:00,HAHAHAHA I can't help myself from thinking 'bout youuuu.,"{'longitude': 123.9114563, 'latitude': 10.3107867}","{'fullName': 'Mandaue City, Central Visayas', 'name': 'Mandaue City', 'type': 'city', 'country': 'Republic of the Philippines', 'countryCode': 'PH'}"
8,1,2022-04-12 16:37:46+00:00,"If ever wala na ang bagyo ugma, ang problem na sad kay asa mu agi padung bantayan. Both balamban-asturias-tubaran and catmon-sogod-borbon roads are unpassable. So unsaon nlang among gi deposit if di madayun lol","{'longitude': 123.7647381, 'latitude': 10.2594754}","{'fullName': 'Cebu City, Central Visayas', 'name': 'Cebu City', 'type': 'city', 'country': 'Republic of the Philippines', 'countryCode': 'PH'}"
9,1,2022-04-12 16:23:17+00:00,"With the apparent damage that the typhoon has caused, it's our job as servant leaders to extend our helping hand. 

We're knocking at your kind hearts to extend what you can to help those who are unfortunately affected by Typhoon #AgatonPH.","{'longitude': 123.7647381, 'latitude': 10.2594754}","{'fullName': 'Cebu City, Central Visayas', 'name': 'Cebu City', 'type': 'city', 'country': 'Republic of the Philippines', 'countryCode': 'PH'}"
10,0,2022-04-12 16:09:47+00:00,"Hi, sinong may kr add dyan? May itanong lang sana ako hihiü•≤ help me juseyo~","{'longitude': 123.7647381, 'latitude': 10.2594754}","{'fullName': 'Cebu City, Central Visayas', 'name': 'Cebu City', 'type': 'city', 'country': 'Republic of the Philippines', 'countryCode': 'PH'}"
11,1,2022-04-12 15:37:59+00:00,"Region 8 Needs Our Help

#LeyteNeedsHelp
#AbuyogNeedsHelp
#BaybayNeedsHelp 
#LeyteNeedsHelp https://t.co/YHhDOIUXfp","{'longitude': 124.8789588, 'latitude': 11.1382777}","{'fullName': 'Santa Fe, Eastern Visayas', 'name': 'Santa Fe', 'type': 'city', 'country': 'Republic of the Philippines', 'countryCode': 'PH'}"
12,2,2022-04-12 15:20:22+00:00,"There are those who are in the hospital being treated and there those who cant be identified.
Just because Leytenos are making an effort to help each other does not mean that we can stand alone. We need help. Everyone who was devastated by #AgathonPH needs help.","{'longitude': 124.7434968, 'latitude': 10.5470262}","{'fullName': 'City Of Baybay, Eastern Visayas', 'name': 'City Of Baybay', 'type': 'city', 'country': 'Republic of the Philippines', 'countryCode': 'PH'}"
13,0,2022-04-12 15:03:47+00:00,Maka luya jud ning aftermath sa baha,"{'longitude': 123.8393178, 'latitude': 10.4764289}","{'fullName': 'Danao City, Central Visayas', 'name': 'Danao City', 'type': 'city', 'country': 'Republic of the Philippines', 'countryCode': 'PH'}"
14,1,2022-04-12 14:59:12+00:00,"Lakas ng hangin at ulan grabi! 
Ingat kayo guys! #altertacloban","{'longitude': 124.9736872, 'latitude': 11.256245}","{'fullName': 'Basey, Eastern Visayas', 'name': 'Basey', 'type': 'city', 'country': 'Republic of the Philippines', 'countryCode': 'PH'}"
15,2,2022-04-12 14:49:00+00:00,"Leyte needs all the attention it can get.

Marami na pong mga natabunan ng lupa. 
Marami na pong nadala ng rumaragasang tubig.
Marami po ang nangangailangan ng atensyong medikal. We need manpower for search and rescue. Plssss send help! 

@gmanews @ABSCBNNews

#AgatonPH https://t.co/tUnuXqfOkK","{'longitude': 124.6700376, 'latitude': 11.0695902}","{'fullName': 'Jaro, Eastern Visayas', 'name': 'Jaro', 'type': 'city', 'country': 'Republic of the Philippines', 'countryCode': 'PH'}"
16,0,2022-04-12 13:13:45+00:00,@mayc2325 Gikan sad ko meeting and training the whole day. Return to Office mo or work from home? Amping lang gyud og gali mulakaw. Maayo unta wala lang gyud baha,"{'longitude': 123.7722811, 'latitude': 10.2343911}","{'fullName': 'Talisay City, Central Visayas', 'name': 'Talisay City', 'type': 'city', 'country': 'Republic of the Philippines', 'countryCode': 'PH'}"
17,0,2022-04-12 12:30:37+00:00,sorry sa pag flood sa fb. basta mao ni rason https://t.co/Ym4wUhsjb9,"{'longitude': 123.9114563, 'latitude': 10.3107867}","{'fullName': 'Mandaue City, Central Visayas', 'name': 'Mandaue City', 'type': 'city', 'country': 'Republic of the Philippines', 'countryCode': 'PH'}"
18,1,2022-04-12 11:53:38+00:00,"@lenirobredo Ma'am VP, please help Abuyognons they need food, water, and clothing.","{'longitude': 124.8438494, 'latitude': 10.7922629}","{'fullName': 'Macarthur, Eastern Visayas', 'name': 'Macarthur', 'type': 'city', 'country': 'Republic of the Philippines', 'countryCode': 'PH'}"
19,0,2022-04-12 11:51:23+00:00,Sakita mag tan aw sa updates about sa landslide oy,"{'longitude': 123.7376399, 'latitude': 10.2300366}","{'fullName': 'Minglanilla, Central Visayas', 'name': 'Minglanilla', 'type': 'city', 'country': 'Republic of the Philippines', 'countryCode': 'PH'}"
20,0,2022-04-12 11:45:16+00:00,@DongJose @enjoyGLOBE Hahahaha tinood! Dle kaya tungod sa bagyo? Basin naa na cut na lines ba,"{'longitude': 123.7647381, 'latitude': 10.2594754}","{'fullName': 'Cebu City, Central Visayas', 'name': 'Cebu City', 'type': 'city', 'country': 'Republic of the Philippines', 'countryCode': 'PH'}"
21,2,2022-04-12 11:21:23+00:00,"Abuyog, Leyte Dagat Side needs help, send rescuers pls","{'longitude': 124.8438494, 'latitude': 10.7922629}","{'fullName': 'Macarthur, Eastern Visayas', 'name': 'Macarthur', 'type': 'city', 'country': 'Republic of the Philippines', 'countryCode': 'PH'}"
22,0,2022-04-12 10:54:16+00:00,@magulangsofanji @19rubz_ Thank you for your Help..,"{'longitude': 124.7434968, 'latitude': 10.5470262}","{'fullName': 'City Of Baybay, Eastern Visayas', 'name': 'City Of Baybay', 'type': 'city', 'country': 'Republic of the Philippines', 'countryCode': 'PH'}"
23,0,2022-04-12 10:38:23+00:00,Baha ang Mandaue? üòî,"{'longitude': 123.7722811, 'latitude': 10.2343911}","{'fullName': 'Talisay City, Central Visayas', 'name': 'Talisay City', 'type': 'city', 'country': 'Republic of the Philippines', 'countryCode': 'PH'}"
24,0,2022-04-12 10:37:57+00:00,Omg. Baha is real üò≠üò≠üò≠ busy ako magwork tapos lumulutang na pala lahat üò≠üò≠,"{'longitude': 124.3892082, 'latitude': 11.5046982}","{'fullName': 'Naval, Eastern Visayas', 'name': 'Naval', 'type': 'city', 'country': 'Republic of the Philippines', 'countryCode': 'PH'}"
25,0,2022-04-12 10:36:23+00:00,"Lord, please be with everyone waiting to be rescued, keep them safe, and bring help to them soon. God, bless each and every person affected by this storm and surround them with Your love, protection, and angels. üôèüôèüôè","{'longitude': 123.9086254, 'latitude': 10.2035208}","{'fullName': 'Lapu-Lapu City, Central Visayas', 'name': 'Lapu-Lapu City', 'type': 'city', 'country': 'Republic of the Philippines', 'countryCode': 'PH'}"
26,2,2022-04-12 10:35:31+00:00,"Landslide covering up Brgy. Cantagnos in Baybay City due to Bagyo Agaton is very devastating to look at
#BaybayCityNeedsHelp #BaybayNeedsHelp #AgatonPH https://t.co/FgoRhkyXc8","{'longitude': 124.7434968, 'latitude': 10.5470262}","{'fullName': 'City Of Baybay, Eastern Visayas', 'name': 'City Of Baybay', 'type': 'city', 'country': 'Republic of the Philippines', 'countryCode': 'PH'}"
27,0,2022-04-12 10:06:33+00:00,"2. If you want to donate/sponsor personally, just approach RV Sanoria (Bantayan), Czarina Persy Kate Rivera (Bantayan), or Maria Nova Silvano (Santa Fe). 

3. You can also help us reach potential donors/sponsors by sharing this post. 

(4) https://t.co/uX9OdKKEiC","{'longitude': 123.7565237, 'latitude': 11.1474093}","{'fullName': 'Santa Fe, Central Visayas', 'name': 'Santa Fe', 'type': 'city', 'country': 'Republic of the Philippines', 'countryCode': 'PH'}"
28,0,2022-04-12 10:06:21+00:00,"HOW CAN YOU HELP?

1. You can directly donate a minimum of Php 50.00 through GCash or Bank Transfer. Please SEND PROOF of your online donations for monitoring purposes.

(3) https://t.co/zHf7RexcFK","{'longitude': 123.7565237, 'latitude': 11.1474093}","{'fullName': 'Santa Fe, Central Visayas', 'name': 'Santa Fe', 'type': 'city', 'country': 'Republic of the Philippines', 'countryCode': 'PH'}"
29,0,2022-04-12 10:06:17+00:00,"As the tournament is fast approaching, Bantayan Islanders still lack financial support. 

This fundraising ‚ÄúImo Singkwenta, May Kwenta‚Äù aims to help the team raise a desired amount of money for the team‚Äôs overall expenses for the said national tournament.
 
(2) https://t.co/sbuQJ4hSmf","{'longitude': 123.7565237, 'latitude': 11.1474093}","{'fullName': 'Santa Fe, Central Visayas', 'name': 'Santa Fe', 'type': 'city', 'country': 'Republic of the Philippines', 'countryCode': 'PH'}"
30,0,2022-04-12 09:49:17+00:00,@JuanHakobo Kaau. Nya naa pay musunod na bagyo ani,"{'longitude': 123.9086254, 'latitude': 10.2035208}","{'fullName': 'Lapu-Lapu City, Central Visayas', 'name': 'Lapu-Lapu City', 'type': 'city', 'country': 'Republic of the Philippines', 'countryCode': 'PH'}"
31,2,2022-04-12 09:07:17+00:00,"üôèüèªüôèüèª Baybay needs help! We are knocking on your kind heart to help our brothers and sisters who are suffering and devastated by the Typhoon Agaton.
#BaybayNeedsHelp 
#LeyteNeedsHelp 
#AgatonPH https://t.co/DJO3CXucZM","{'longitude': 124.7434968, 'latitude': 10.5470262}","{'fullName': 'City Of Baybay, Eastern Visayas', 'name': 'City Of Baybay', 'type': 'city', 'country': 'Republic of the Philippines', 'countryCode': 'PH'}"
32,1,2022-04-12 08:49:28+00:00,"Hello twitter friends!!

We are knocking for your generous hearts to help us raise donations for those who affected by Typhoon Agaton in My home town Baybay Leyte. 
#BaybayCityNeedsHelp #BaybayNeedsHelp #AgatonPH #AbuyogNeedsHelp https://t.co/Ecsi6aJPbU","{'longitude': 124.7434968, 'latitude': 10.5470262}","{'fullName': 'City Of Baybay, Eastern Visayas', 'name': 'City Of Baybay', 'type': 'city', 'country': 'Republic of the Philippines', 'countryCode': 'PH'}"
33,0,2022-04-12 08:28:27+00:00,"Screw bagyo, i want ice scramble","{'longitude': 124.7434968, 'latitude': 10.5470262}","{'fullName': 'City Of Baybay, Eastern Visayas', 'name': 'City Of Baybay', 'type': 'city', 'country': 'Republic of the Philippines', 'countryCode': 'PH'}"
34,0,2022-04-12 08:14:43+00:00,Anlakas nang ulan.,"{'longitude': 124.3892082, 'latitude': 11.5046982}","{'fullName': 'Naval, Eastern Visayas', 'name': 'Naval', 'type': 'city', 'country': 'Republic of the Philippines', 'countryCode': 'PH'}"
35,0,2022-04-12 08:08:46+00:00,hapit najud taga hawak ang baha diris amua üò≠üò≠üò≠,"{'longitude': 123.8393178, 'latitude': 10.4764289}","{'fullName': 'Danao City, Central Visayas', 'name': 'Danao City', 'type': 'city', 'country': 'Republic of the Philippines', 'countryCode': 'PH'}"
36,0,2022-04-12 07:27:47+00:00,Pati bagyo finifakenews üò≠ https://t.co/KU2HdtW0TT,"{'longitude': 123.924315, 'latitude': 10.3484357}","{'fullName': 'Consolacion, Central Visayas', 'name': 'Consolacion', 'type': 'city', 'country': 'Republic of the Philippines', 'countryCode': 'PH'}"
37,1,2022-04-12 07:23:52+00:00,"#LeyteNeedHelp 

My Aunt is frim Baybay Leyte and they‚Äôve been helping out people and extending help to the people in the evacuation center.

As much as they would like to shell out funds kulang na kulang.

Snippets from Baybay. https://t.co/iygip6CCeY","{'longitude': 124.3897282, 'latitude': 11.2018865}","{'fullName': 'Leyte, Eastern Visayas', 'name': 'Leyte', 'type': 'city', 'country': 'Republic of the Philippines', 'countryCode': 'PH'}"
38,0,2022-04-12 07:22:22+00:00,@PinoyAkoBlog Malaki tulong yung pagpunta ni Miss Aika Robredo dito by visiting Lapulapu and Talisay markets kase nagmamatter talaga yung presence - H2H is really effective,"{'longitude': 123.7647381, 'latitude': 10.2594754}","{'fullName': 'Cebu City, Central Visayas', 'name': 'Cebu City', 'type': 'city', 'country': 'Republic of the Philippines', 'countryCode': 'PH'}"
39,2,2022-04-12 07:21:43+00:00,"We need HELP
#RescuePH #LeyteNeedsHelp #BaybayNeedsHelp #AgatonPH #BasyangPH https://t.co/dqMU01bgaM","{'longitude': 124.7434968, 'latitude': 10.5470262}","{'fullName': 'City Of Baybay, Eastern Visayas', 'name': 'City Of Baybay', 'type': 'city', 'country': 'Republic of the Philippines', 'countryCode': 'PH'}"
40,0,2022-04-12 06:58:27+00:00,Alas dos palang pero grabe andilim na ng paligid. Mas malakas pa ang ulan ngayon kesa kahapon üòÖ,"{'longitude': 124.3892082, 'latitude': 11.5046982}","{'fullName': 'Naval, Eastern Visayas', 'name': 'Naval', 'type': 'city', 'country': 'Republic of the Philippines', 'countryCode': 'PH'}"
41,0,2022-04-12 06:51:38+00:00,"Sana mag stop na yung ulan. ü•∫

#Agaton beke nemen. ü•∫ https://t.co/1txY2OIETD","{'longitude': 123.9114563, 'latitude': 10.3107867}","{'fullName': 'Mandaue City, Central Visayas', 'name': 'Mandaue City', 'type': 'city', 'country': 'Republic of the Philippines', 'countryCode': 'PH'}"
42,0,2022-04-12 06:40:22+00:00,"Lord, please mustop nata ang uwan gamay nlang jd kuwang nana jd sa pultahan namo ang baha","{'longitude': 123.8393178, 'latitude': 10.4764289}","{'fullName': 'Danao City, Central Visayas', 'name': 'Danao City', 'type': 'city', 'country': 'Republic of the Philippines', 'countryCode': 'PH'}"
43,0,2022-04-12 06:39:53+00:00,Lingaw kayko nag road trip mis uwan pero naguol pag ule kay baha na deay amoa huhuhu,"{'longitude': 123.8393178, 'latitude': 10.4764289}","{'fullName': 'Danao City, Central Visayas', 'name': 'Danao City', 'type': 'city', 'country': 'Republic of the Philippines', 'countryCode': 'PH'}"
44,0,2022-04-12 05:40:38+00:00,Murag qouta naman tawon tas mga bagyo ani.   üò¢,"{'longitude': 123.7647381, 'latitude': 10.2594754}","{'fullName': 'Cebu City, Central Visayas', 'name': 'Cebu City', 'type': 'city', 'country': 'Republic of the Philippines', 'countryCode': 'PH'}"
45,0,2022-04-12 05:36:32+00:00,Kana dung ka lakaw niya mo bundak mag puyo ta oi!!! #AgathonPH #BasyangPH #cebu #lapulapu #ulan #cebuano #pinoy #bisaya https://t.co/Hu2m2l1zdn,"{'longitude': 123.9032815, 'latitude': 10.2451082}","{'fullName': 'Cordoba, Central Visayas', 'name': 'Cordoba', 'type': 'city', 'country': 'Republic of the Philippines', 'countryCode': 'PH'}"
46,1,2022-04-12 05:29:02+00:00,@LGenabe @itsCanete0520 @ray_ado hi Ati. Grabe ulan dito. Dmung bagyo. Mga Kalsada sa probinsiya bumibiyak na,"{'longitude': 123.9114563, 'latitude': 10.3107867}","{'fullName': 'Mandaue City, Central Visayas', 'name': 'Mandaue City', 'type': 'city', 'country': 'Republic of the Philippines', 'countryCode': 'PH'}"
47,2,2022-04-12 04:47:10+00:00,"!! BAYBAY CITY LEYTE NEEDS HELP !! 

Calling the attention of all rescuers from different agencies or organizations, rescuers from different municipalities, rescuers of the Philippines, the people of BAYBAY CITY, Leyte need your help

#rescue #BaybayCityNeedsHelp https://t.co/lQnUbi5qqv","{'longitude': 124.7434968, 'latitude': 10.5470262}","{'fullName': 'City Of Baybay, Eastern Visayas', 'name': 'City Of Baybay', 'type': 'city', 'country': 'Republic of the Philippines', 'countryCode': 'PH'}"
48,0,2022-04-12 04:34:57+00:00,Thank you sunshines..malaking tulong na po ito..sa gusto pa pong tumulong..maraming salamt po.. https://t.co/SRDJ90k2jI,"{'longitude': 124.7434968, 'latitude': 10.5470262}","{'fullName': 'City Of Baybay, Eastern Visayas', 'name': 'City Of Baybay', 'type': 'city', 'country': 'Republic of the Philippines', 'countryCode': 'PH'}"
49,0,2022-04-12 04:19:49+00:00,"dapat kahapon pa flight namin pabalik ng mnl, pero stranded pa rin kami dito sa bantayan island. ü•≤

bale dalawang bagyo na naabutan namin dito‚Ä¶ bat naman ganon lord‚Ä¶ #AgatonPH #BasyangPH","{'longitude': 123.7565237, 'latitude': 11.1474093}","{'fullName': 'Santa Fe, Central Visayas', 'name': 'Santa Fe', 'type': 'city', 'country': 'Republic of the Philippines', 'countryCode': 'PH'}"
50,1,2022-04-12 03:34:57+00:00,My heart hurt so muchhhh üò≠ May all your souls rest in peace to the victims of landslide in Baybay Leyte üôèüò≠ #BaybayNeedsHelp,"{'longitude': 124.7521175, 'latitude': 10.1103384}","{'fullName': 'City Of Maasin, Eastern Visayas', 'name': 'City Of Maasin', 'type': 'city', 'country': 'Republic of the Philippines', 'countryCode': 'PH'}"
51,0,2022-04-12 03:00:48+00:00,Tropahin natin yung bagyo kasi tumatambay din #AgatonPH #altertacloban,"{'longitude': 124.8960325, 'latitude': 11.1808072}","{'fullName': 'Tacloban City, Eastern Visayas', 'name': 'Tacloban City', 'type': 'city', 'country': 'Republic of the Philippines', 'countryCode': 'PH'}"
52,2,2022-04-12 02:42:01+00:00,Ito po yung buong barangay po na natabunan po ng landslide..kalahati pa lang po yung survivor..yung iba po missing pa rin‚Ä¶ almost 200 persons pa po ang missing..#BaybayNeedsHelp https://t.co/xh6UTujOGB,"{'longitude': 124.7434968, 'latitude': 10.5470262}","{'fullName': 'City Of Baybay, Eastern Visayas', 'name': 'City Of Baybay', 'type': 'city', 'country': 'Republic of the Philippines', 'countryCode': 'PH'}"
53,0,2022-04-12 02:28:39+00:00,Mas kusog pang hatag sa activities kaysas bagyo,"{'longitude': 123.7376399, 'latitude': 10.2300366}","{'fullName': 'Minglanilla, Central Visayas', 'name': 'Minglanilla', 'type': 'city', 'country': 'Republic of the Philippines', 'countryCode': 'PH'}"
54,1,2022-04-12 02:25:35+00:00,"In behalf of BS in Agribusiness Freshmen of VSU, we are here to knock your soft heart for donation to Alviola Family and Peter Cajeric 's  mother and two siblings for their proper burial. They are all victim of landslide in Sitio Waterfall, Brgy. Mailhi, Baybay City, Leyte. https://t.co/wlaj4TkG7k","{'longitude': 124.4758848, 'latitude': 10.9533981}","{'fullName': 'Ormoc City, Eastern Visayas', 'name': 'Ormoc City', 'type': 'city', 'country': 'Republic of the Philippines', 'countryCode': 'PH'}"
55,1,2022-04-12 02:01:45+00:00,"Baybay has been my second home and after witnessing people dying, begging for help, and losing their families and homes, I can't help but cry and cry. I think of my G 9 students at Baybay High who r at risk right now. Musta na sila? üò≠
#LeyteNeedsHelp #AgatonPH #BaybayNeedsHelp","{'longitude': 124.4758848, 'latitude': 10.9533981}","{'fullName': 'Ormoc City, Eastern Visayas', 'name': 'Ormoc City', 'type': 'city', 'country': 'Republic of the Philippines', 'countryCode': 'PH'}"
56,0,2022-04-12 01:32:41+00:00,been receiving random i miss you's from my friends hays iba talaga it epekto hit bagyo üòÇ,"{'longitude': 124.8960325, 'latitude': 11.1808072}","{'fullName': 'Tacloban City, Eastern Visayas', 'name': 'Tacloban City', 'type': 'city', 'country': 'Republic of the Philippines', 'countryCode': 'PH'}"
57,0,2022-04-12 01:25:25+00:00,Bagyo muna huhu,"{'longitude': 123.7647381, 'latitude': 10.2594754}","{'fullName': 'Cebu City, Central Visayas', 'name': 'Cebu City', 'type': 'city', 'country': 'Republic of the Philippines', 'countryCode': 'PH'}"
58,2,2022-04-12 00:21:50+00:00,Please help boost #BaybayNeedsHelp ü•∫üíî,"{'longitude': 124.7434968, 'latitude': 10.5470262}","{'fullName': 'City Of Baybay, Eastern Visayas', 'name': 'City Of Baybay', 'type': 'city', 'country': 'Republic of the Philippines', 'countryCode': 'PH'}"
59,1,2022-04-12 00:20:12+00:00,Nakakalungkot lang kasi isipin na mas nag tretrend pa mga chismis ng mga artista kaysa sa mga pangyayari dito sa amin. Ang dami na po ng namamatay. Tas wala pa ring tigil ang ulan üíîüò≠,"{'longitude': 124.7434968, 'latitude': 10.5470262}","{'fullName': 'City Of Baybay, Eastern Visayas', 'name': 'City Of Baybay', 'type': 'city', 'country': 'Republic of the Philippines', 'countryCode': 'PH'}"
60,0,2022-04-12 00:10:00+00:00,bagyo pahawa na intawn,"{'longitude': 123.9114563, 'latitude': 10.3107867}","{'fullName': 'Mandaue City, Central Visayas', 'name': 'Mandaue City', 'type': 'city', 'country': 'Republic of the Philippines', 'countryCode': 'PH'}"
61,2,2022-04-11 23:23:50+00:00,"‚ùóÔ∏è‚ùóÔ∏è#BaybayNeedsHELP ‚ù§Ô∏è [April 12, 2022 at 4:22AM ]

Calling the attention of all rescuers from different agencies or organizations, rescuers from different municipalities, rescuers of the Philippines, the people of BAYBAY CITY, Leyte need your help. 
#AgatonPH https://t.co/LlY5KuflkR","{'longitude': 124.7208065, 'latitude': 10.4606567}","{'fullName': 'Inopacan, Eastern Visayas', 'name': 'Inopacan', 'type': 'city', 'country': 'Republic of the Philippines', 'countryCode': 'PH'}"
62,0,2022-04-11 23:12:44+00:00,@reynreyngoawayy Morning sir amping sir ulan nimo awp hahaha sa ba hahahaü§≠üòÇ,"{'longitude': 123.9086254, 'latitude': 10.2035208}","{'fullName': 'Lapu-Lapu City, Central Visayas', 'name': 'Lapu-Lapu City', 'type': 'city', 'country': 'Republic of the Philippines', 'countryCode': 'PH'}"
63,1,2022-04-11 19:20:43+00:00,"Kakampinks!!

CALL FOR DONATIONS: PROJECT HANGKUP

For the victims of Typhoon Agaton in Baybay City, Leyte

We need your help to gather funds and in-kind donations for the food packs, medicine, and hygiene kits we want to give to Typhoon Agaton victims in Baybay City, Leyte. https://t.co/kQhWG4KbXU","{'longitude': 124.908865, 'latitude': 11.1061918}","{'fullName': 'Palo, Eastern Visayas', 'name': 'Palo', 'type': 'city', 'country': 'Republic of the Philippines', 'countryCode': 'PH'}"
64,0,2022-04-11 19:03:45+00:00,Yawa gyyd ning bagyo larga nakog bantayan unya yawa ka!!,"{'longitude': 123.9086254, 'latitude': 10.2035208}","{'fullName': 'Lapu-Lapu City, Central Visayas', 'name': 'Lapu-Lapu City', 'type': 'city', 'country': 'Republic of the Philippines', 'countryCode': 'PH'}"
65,0,2022-04-11 17:10:28+00:00,Ang bagyo kay by pair na. Kita ani? Aw,"{'longitude': 123.7647381, 'latitude': 10.2594754}","{'fullName': 'Cebu City, Central Visayas', 'name': 'Cebu City', 'type': 'city', 'country': 'Republic of the Philippines', 'countryCode': 'PH'}"
66,1,2022-04-11 16:15:21+00:00,"my heart is for the victims of the landslide in Babay, Leyte üò¢üò¢üò¢","{'longitude': 123.9086254, 'latitude': 10.2035208}","{'fullName': 'Lapu-Lapu City, Central Visayas', 'name': 'Lapu-Lapu City', 'type': 'city', 'country': 'Republic of the Philippines', 'countryCode': 'PH'}"
67,0,2022-04-11 14:24:14+00:00,Hunong na tawn agaton malooy ka daghan pakog apason kay tungod atong bagyo last yearüò≥üò¢,"{'longitude': 123.9114563, 'latitude': 10.3107867}","{'fullName': 'Mandaue City, Central Visayas', 'name': 'Mandaue City', 'type': 'city', 'country': 'Republic of the Philippines', 'countryCode': 'PH'}"
68,2,2022-04-11 14:10:16+00:00,"Pray for baybay, leyte
We need help","{'longitude': 124.7434968, 'latitude': 10.5470262}","{'fullName': 'City Of Baybay, Eastern Visayas', 'name': 'City Of Baybay', 'type': 'city', 'country': 'Republic of the Philippines', 'countryCode': 'PH'}"
69,0,2022-04-11 13:41:00+00:00,@143redangel Help,"{'longitude': 124.791516, 'latitude': 11.1462738}","{'fullName': 'Alangalang, Eastern Visayas', 'name': 'Alangalang', 'type': 'city', 'country': 'Republic of the Philippines', 'countryCode': 'PH'}"
70,0,2022-04-11 13:24:14+00:00,@BeN_BAbe26 Wa kay bagyo!!!,"{'longitude': 123.9086254, 'latitude': 10.2035208}","{'fullName': 'Lapu-Lapu City, Central Visayas', 'name': 'Lapu-Lapu City', 'type': 'city', 'country': 'Republic of the Philippines', 'countryCode': 'PH'}"
71,0,2022-04-11 13:24:03+00:00,Ok ra man mabasa sa ulan ayaw lang ko pisika og tubig sa dalan. Struggle jud ning maglakaw ta sa dalan then naay paspas nga sakyanan. üôÑ,"{'longitude': 123.7647381, 'latitude': 10.2594754}","{'fullName': 'Cebu City, Central Visayas', 'name': 'Cebu City', 'type': 'city', 'country': 'Republic of the Philippines', 'countryCode': 'PH'}"
72,0,2022-04-11 13:19:32+00:00,"baha nasa diris amoa hahaysss, samot ng mga taga loyo kalooy jud üò©","{'longitude': 123.8393178, 'latitude': 10.4764289}","{'fullName': 'Danao City, Central Visayas', 'name': 'Danao City', 'type': 'city', 'country': 'Republic of the Philippines', 'countryCode': 'PH'}"
73,1,2022-04-11 13:11:40+00:00,Been hearing how bad the situation is in Leyte due to the nonstop rains &amp; landslide. üôèüôèüôèüò¢üòî,"{'longitude': 123.7647381, 'latitude': 10.2594754}","{'fullName': 'Cebu City, Central Visayas', 'name': 'Cebu City', 'type': 'city', 'country': 'Republic of the Philippines', 'countryCode': 'PH'}"
74,2,2022-04-11 12:28:14+00:00,"My Beloved Home Town The 5th District of Leyte distroyed by Typhoon Agaton in need of help üôèüò≠
#AgatonPH #BaybayNeedsHelp https://t.co/NXFCC2zkp3","{'longitude': 124.7208065, 'latitude': 10.4606567}","{'fullName': 'Inopacan, Eastern Visayas', 'name': 'Inopacan', 'type': 'city', 'country': 'Republic of the Philippines', 'countryCode': 'PH'}"
75,1,2022-04-11 12:16:04+00:00,"Families in Baybay City need some help due to #TyphoonAgaton . They need Food and Water.
Anyone from the #cryptoworld , specifically #XRPCommunity, willing to donate you can send me a PM.
All donation transactions will be recorded for transparency.
#XRP #XRPL","{'longitude': 124.8960325, 'latitude': 11.1808072}","{'fullName': 'Tacloban City, Eastern Visayas', 'name': 'Tacloban City', 'type': 'city', 'country': 'Republic of the Philippines', 'countryCode': 'PH'}"
76,1,2022-04-11 12:08:07+00:00,"@wtfffgrasya Thank u mem. üòò
Ok la, damo la an mga ruba. Makalolooy la an mga na landslide kay atop nala nakit-an ha ira. Damo ghap an patay.","{'longitude': 124.7434968, 'latitude': 10.5470262}","{'fullName': 'City Of Baybay, Eastern Visayas', 'name': 'City Of Baybay', 'type': 'city', 'country': 'Republic of the Philippines', 'countryCode': 'PH'}"
77,0,2022-04-11 11:51:43+00:00,yawaa nag hoot ako dughan nga nakita ko sa mga tao nga nangamatay tungod sa bagyo labi na ang mga bataaaa üíî,"{'longitude': 124.8960325, 'latitude': 11.1808072}","{'fullName': 'Tacloban City, Eastern Visayas', 'name': 'Tacloban City', 'type': 'city', 'country': 'Republic of the Philippines', 'countryCode': 'PH'}"
78,0,2022-04-11 11:48:55+00:00,Help!! HAHAHAHHAHA naka hurot nakog duha ka twin pack na kape sa pila lng ka Orasüò≠,"{'longitude': 124.4758848, 'latitude': 10.9533981}","{'fullName': 'Ormoc City, Eastern Visayas', 'name': 'Ormoc City', 'type': 'city', 'country': 'Republic of the Philippines', 'countryCode': 'PH'}"
79,1,2022-04-11 11:32:11+00:00,Kalilisang na landslide üò¢,"{'longitude': 124.7434968, 'latitude': 10.5470262}","{'fullName': 'City Of Baybay, Eastern Visayas', 'name': 'City Of Baybay', 'type': 'city', 'country': 'Republic of the Philippines', 'countryCode': 'PH'}"
80,2,2022-04-11 11:29:00+00:00,Baybay City needs help.,"{'longitude': 124.7434968, 'latitude': 10.5470262}","{'fullName': 'City Of Baybay, Eastern Visayas', 'name': 'City Of Baybay', 'type': 'city', 'country': 'Republic of the Philippines', 'countryCode': 'PH'}"
81,0,2022-04-11 11:23:37+00:00,When pa kaha ko makabalik cebu ani hays naabtan jug bagyo,"{'longitude': 124.9292486, 'latitude': 10.3718806}","{'fullName': 'Sogod, Eastern Visayas', 'name': 'Sogod', 'type': 'city', 'country': 'Republic of the Philippines', 'countryCode': 'PH'}"
82,0,2022-04-11 11:10:23+00:00,"Atm

Operation balot ng relief‚òù‚òù‚òù

Bagyo ka lang agaton, hilas meüòÅüòÅüòÅ

Stay safe lang taga islaüôèüôèüôè @ San Jose, Dinagat Islands, Philippines https://t.co/mvptiB9gSB","{'longitude': 125.57327387, 'latitude': 10.00831931}","{'fullName': 'San Jose, Caraga', 'name': 'San Jose', 'type': 'city', 'country': 'Republic of the Philippines', 'countryCode': 'PH'}"
83,0,2022-04-11 11:01:23+00:00,Halo help pano to????? May di pa ako nagagamit na acc huhu https://t.co/N9OYcI8Bx3,"{'longitude': 123.9086254, 'latitude': 10.2035208}","{'fullName': 'Lapu-Lapu City, Central Visayas', 'name': 'Lapu-Lapu City', 'type': 'city', 'country': 'Republic of the Philippines', 'countryCode': 'PH'}"
84,0,2022-04-11 10:34:14+00:00,Hahahaha nyetaaaa iast talagaa.. Ang saya ng ulan. üòÇ,"{'longitude': 124.6700376, 'latitude': 11.0695902}","{'fullName': 'Jaro, Eastern Visayas', 'name': 'Jaro', 'type': 'city', 'country': 'Republic of the Philippines', 'countryCode': 'PH'}"
85,1,2022-04-11 10:22:32+00:00,"Leyte needs our help. 

For more information on how to help, visit: 

https://t.co/Ry3VzKAyrD

#LeyteNeedsHelp @ Tacloban City https://t.co/d1cqcNcu04","{'longitude': 124.988, 'latitude': 11.2329}","{'fullName': 'Tacloban City, Eastern Visayas', 'name': 'Tacloban City', 'type': 'city', 'country': 'Republic of the Philippines', 'countryCode': 'PH'}"
86,0,2022-04-11 09:54:18+00:00,Please help rt @kep1ermarket_ph @kep1ermarketph @Kep1erMarket_rt!,"{'longitude': 123.7647381, 'latitude': 10.2594754}","{'fullName': 'Cebu City, Central Visayas', 'name': 'Cebu City', 'type': 'city', 'country': 'Republic of the Philippines', 'countryCode': 'PH'}"
87,2,2022-04-11 09:47:49+00:00,We need help!üôèüò≠ https://t.co/TEZ1hKfXAk,"{'longitude': 124.7434968, 'latitude': 10.5470262}","{'fullName': 'City Of Baybay, Eastern Visayas', 'name': 'City Of Baybay', 'type': 'city', 'country': 'Republic of the Philippines', 'countryCode': 'PH'}"
88,2,2022-04-11 09:47:13+00:00,"Bay bay city needs helpüôè
#XQK #XRPLcommunity  #AgatonPH https://t.co/pGjJGrELbT","{'longitude': 124.7434968, 'latitude': 10.5470262}","{'fullName': 'City Of Baybay, Eastern Visayas', 'name': 'City Of Baybay', 'type': 'city', 'country': 'Republic of the Philippines', 'countryCode': 'PH'}"
89,0,2022-04-11 09:04:43+00:00,but I can't help falling inlove with youüé∂üíúüíó,"{'longitude': 124.6497584, 'latitude': 11.1579655}","{'fullName': 'Carigara, Eastern Visayas', 'name': 'Carigara', 'type': 'city', 'country': 'Republic of the Philippines', 'countryCode': 'PH'}"
90,0,2022-04-11 08:38:30+00:00,@PornsaUbec Ayg sigeg lupad diha kay bagyo baya,"{'longitude': 123.7647381, 'latitude': 10.2594754}","{'fullName': 'Cebu City, Central Visayas', 'name': 'Cebu City', 'type': 'city', 'country': 'Republic of the Philippines', 'countryCode': 'PH'}"
91,0,2022-04-11 08:32:54+00:00,"We are launching a DONATION DRIVE today, April 11 to April 14 to help our fellow Baybayanons who are affected by #AgatonPH. 

WE NEED THE FOLLOWING:
‚Ä¢ Bottled Water
‚Ä¢ Canned Goods
‚Ä¢ Instant Noodles
‚Ä¢ Biscuits/Crackers 
‚Ä¢ Blankets https://t.co/8OlUrkXgkg","{'longitude': 124.4758848, 'latitude': 10.9533981}","{'fullName': 'Ormoc City, Eastern Visayas', 'name': 'Ormoc City', 'type': 'city', 'country': 'Republic of the Philippines', 'countryCode': 'PH'}"
92,2,2022-04-11 08:29:03+00:00,"#LeyteNeedsHelp
#AbuyogNeedsHelp
#BaybayCityNeedsHelp

Please anything will do. They need blankets, clothes and food donations. We need all the help we can get. https://t.co/aFerqwHkhe","{'longitude': 124.4758848, 'latitude': 10.9533981}","{'fullName': 'Ormoc City, Eastern Visayas', 'name': 'Ormoc City', 'type': 'city', 'country': 'Republic of the Philippines', 'countryCode': 'PH'}"
93,2,2022-04-11 08:06:57+00:00,"#LeyteNeedsHelp #BaybayCityNeedsHelp
#AbuyogNeedsHelp

Please spread. We need all the help we can get. People are stranded and need to be rescued. https://t.co/6mQ6YaCZ6V","{'longitude': 124.4758848, 'latitude': 10.9533981}","{'fullName': 'Ormoc City, Eastern Visayas', 'name': 'Ormoc City', 'type': 'city', 'country': 'Republic of the Philippines', 'countryCode': 'PH'}"
94,0,2022-04-11 07:50:13+00:00,@sayyeahdess hirayo ka liwat and baha tam gawasüòï,"{'longitude': 124.8960325, 'latitude': 11.1808072}","{'fullName': 'Tacloban City, Eastern Visayas', 'name': 'Tacloban City', 'type': 'city', 'country': 'Republic of the Philippines', 'countryCode': 'PH'}"
95,0,2022-04-11 07:40:42+00:00,I know you‚Äôre there. Help me survive. https://t.co/23s1znCHEt,"{'longitude': 123.90227985683416, 'latitude': 10.294097276514327}","{'fullName': 'Basilica Minore del Santo Ni√±o', 'name': 'Basilica Minore del Santo Ni√±o', 'type': 'poi', 'country': 'Republic of the Philippines', 'countryCode': 'PH'}"
96,0,2022-04-11 07:39:18+00:00,"Twitter friends, will be organizing a fundraising to help out our brother and sisters in Leyte! Tap in if you‚Äôd like to join :) ‚ÄºÔ∏è this move has no political influence ‚ÄºÔ∏è","{'longitude': 123.8393178, 'latitude': 10.4764289}","{'fullName': 'Danao City, Central Visayas', 'name': 'Danao City', 'type': 'city', 'country': 'Republic of the Philippines', 'countryCode': 'PH'}"
97,0,2022-04-11 06:57:26+00:00,"#OnTheGround: PEJC, together with the UC Legal Aid Office, CREST, and @EWCoalition, conducted community legal aid in Talisay City, Cebu. This project is in collaboration with different civil society organizations to help the families affected by Typhoon Odette.

#BangonVisMin https://t.co/XhRdLcpIAC","{'longitude': 123.7722811, 'latitude': 10.2343911}","{'fullName': 'Talisay City, Central Visayas', 'name': 'Talisay City', 'type': 'city', 'country': 'Republic of the Philippines', 'countryCode': 'PH'}"
98,0,2022-04-11 06:55:03+00:00,"If there's any way for you to send any mode of help, please do.
Esp. for those politicians and aspiring ones that are running for 2022 elections, it's your time to shine mga ma'am/sir. PLEASE https://t.co/BRSl5w7YtP","{'longitude': 123.9086254, 'latitude': 10.2035208}","{'fullName': 'Lapu-Lapu City, Central Visayas', 'name': 'Lapu-Lapu City', 'type': 'city', 'country': 'Republic of the Philippines', 'countryCode': 'PH'}"
99,0,2022-04-11 06:53:25+00:00,"To my high school classmate who lost his family due to landslide,be strong! may God strengthen you and your  relatives. May you get through this difficult time, through prayers and the comfort of friends. My sincere condolences for your great loss. üò≠ #AgatonPH #BaybayNeedsHelp https://t.co/SBlxkxmwbX","{'longitude': 124.7434968, 'latitude': 10.5470262}","{'fullName': 'City Of Baybay, Eastern Visayas', 'name': 'City Of Baybay', 'type': 'city', 'country': 'Republic of the Philippines', 'countryCode': 'PH'}"
